"Timestamp","User Ids","Age","Professional Background","Experience Level with Command Line Interfaces","Frequency of Command Line Use","Preferred Tools for Searching Command Line Solutions","Ease of Completion [Task 1]","Ease of Completion [Task 2]","Ease of Completion [Task 3]","Ease of Completion [Task 4]","Ease of Completion [Task 5]","Ease of Completion [Task 6]","Ease of Completion [Task 7]","Ease of Completion [Task 8]","Ease of Completion [Task 9]","Overall Satisfaction with the Interface [Ordinary Terminal with ChatGPT/Google Search]","Overall Satisfaction with the Interface [Terminal with Build-in LLM (DeveloperGPT)]","Overall Satisfaction with the Interface [Web Terminal with ChatBox]","Usability Evaluation:  Ordinary Terminal with ChatGPT/Google Search [I think that I would like to use this interface frequently.]","Usability Evaluation:  Ordinary Terminal with ChatGPT/Google Search [I found the interface unnecessarily complex.]","Usability Evaluation:  Ordinary Terminal with ChatGPT/Google Search [I thought the interface was easy to use.]","Usability Evaluation:  Ordinary Terminal with ChatGPT/Google Search [I think that I would need the support of a technical person to be able to use this interface.]","Usability Evaluation:  Ordinary Terminal with ChatGPT/Google Search [I found the various functions in this interface were well integrated.]","Usability Evaluation:  Ordinary Terminal with ChatGPT/Google Search [I thought there was too much inconsistency in this interface.]","Usability Evaluation:  Ordinary Terminal with ChatGPT/Google Search [I would imagine that most people would learn to use this interface very quickly.]","Usability Evaluation:  Ordinary Terminal with ChatGPT/Google Search [I found the interface very cumbersome to use.]","Usability Evaluation:  Ordinary Terminal with ChatGPT/Google Search [I felt very confident using the interface.]","Usability Evaluation:  Ordinary Terminal with ChatGPT/Google Search [I needed to learn a lot of things before I could get going with this interface.]","Usability Evaluation: Terminal with Build-in LLM (DeveloperGPT) [I think that I would like to use this interface frequently.]","Usability Evaluation: Terminal with Build-in LLM (DeveloperGPT) [I found the interface unnecessarily complex.]","Usability Evaluation: Terminal with Build-in LLM (DeveloperGPT) [I thought the interface was easy to use.]","Usability Evaluation: Terminal with Build-in LLM (DeveloperGPT) [I think that I would need the support of a technical person to be able to use this interface.]","Usability Evaluation: Terminal with Build-in LLM (DeveloperGPT) [I found the various functions in this interface were well integrated.]","Usability Evaluation: Terminal with Build-in LLM (DeveloperGPT) [I thought there was too much inconsistency in this interface.]","Usability Evaluation: Terminal with Build-in LLM (DeveloperGPT) [I would imagine that most people would learn to use this interface very quickly.]","Usability Evaluation: Terminal with Build-in LLM (DeveloperGPT) [I found the interface very cumbersome to use.]","Usability Evaluation: Terminal with Build-in LLM (DeveloperGPT) [I felt very confident using the interface.]","Usability Evaluation: Terminal with Build-in LLM (DeveloperGPT) [I needed to learn a lot of things before I could get going with this interface.]","Usability Evaluation: Web Terminal with ChatBox [I think that I would like to use this interface frequently.]","Usability Evaluation: Web Terminal with ChatBox [I found the interface unnecessarily complex.]","Usability Evaluation: Web Terminal with ChatBox [I thought the interface was easy to use.]","Usability Evaluation: Web Terminal with ChatBox [I think that I would need the support of a technical person to be able to use this interface.]","Usability Evaluation: Web Terminal with ChatBox [I found the various functions in this interface were well integrated.]","Usability Evaluation: Web Terminal with ChatBox [I thought there was too much inconsistency in this interface.]","Usability Evaluation: Web Terminal with ChatBox [I would imagine that most people would learn to use this interface very quickly.]","Usability Evaluation: Web Terminal with ChatBox [I found the interface very cumbersome to use.]","Usability Evaluation: Web Terminal with ChatBox [I felt very confident using the interface.]","Usability Evaluation: Web Terminal with ChatBox [I needed to learn a lot of things before I could get going with this interface.]","Which interface did you prefer for easy-level tasks? Why (audio recording)? ","Which interface did you prefer for hard-level tasks? Why (audio recording)? ","What was your overall impression of using each terminal setup? (audio recording)","What improvements would you suggest for each terminal setup? (audio recording)","Is there anything else you would like to share about your experience using these terminal interfaces? (audio recording)","Thank you for participating in this survey. Your responses are valuable in understanding public perceptions of AI in security applications. If you have any additional comments or concerns, please feel free to share them here."
"2024/03/28 8:28:20 PM AST","1","24","CS Graduate Student","Intermediate","Daily","Online Forums (e.g., Stack Overflow);LLM (e.g., ChatGPT)","Somewhat Easy","Somewhat Easy","Somewhat Easy","Somewhat Easy","Neither Difficult nor Easy","Neither Difficult nor Easy","Very Difficult","Somewhat Easy","Somewhat Easy","Very Frustrating","Somewhat Satisfying","Very Satisfying","Agree","Neutral","Neutral","Strongly Agree","Neutral","Agree","Disagree","Agree","Disagree","Strongly Agree","Disagree","Neutral","Agree","Disagree","Agree","Disagree","Strongly Agree","Agree","Agree","Neutral","Disagree","Agree","Disagree","Agree","Agree","Neutral","Agree","Disagree","Agree","Disagree","Normal Terminal","Terminal with ChatBox","","","",""
"2024/03/29 6:27:43 PM AST","2","26","CS Graduate Student","Intermediate","Daily","Online Forums (e.g., Stack Overflow);Official Documentation","Very Easy","Somewhat Easy","Very Easy","Somewhat Difficult","Somewhat Easy","Neither Difficult nor Easy","Somewhat Difficult","Somewhat Difficult","Somewhat Easy","Neither Frustrating nor Satisfying","Somewhat Satisfying","Very Satisfying","Neutral","Disagree","Neutral","Strongly Disagree","Neutral","Disagree","Neutral","Neutral","Disagree","Agree","Agree","Strongly Disagree","Agree","Neutral","Disagree","Disagree","Strongly Agree","Neutral","Disagree","Strongly Disagree","Agree","Strongly Disagree","Strongly Agree","Strongly Disagree","Neutral","Strongly Disagree","Strongly Agree","Neutral","Agree","Strongly Disagree","Terminal with Build-in LLM","Terminal with ChatBox","","","",""
"2024/03/29 8:46:45 PM AST","3","24","CS Graduate Student","Beginner","Rarely","Online Forums (e.g., Stack Overflow);Official Documentation;Colleagues or Friends;LLM (e.g., ChatGPT)","Very Easy","Very Easy","Very Easy","Somewhat Easy","Neither Difficult nor Easy","Very Easy","Somewhat Easy","Very Easy","Very Easy","Very Satisfying","Somewhat Frustrating","Very Satisfying","Strongly Agree","Strongly Disagree","Agree","Strongly Disagree","Agree","Disagree","Agree","Strongly Disagree","Agree","Disagree","Disagree","Agree","Disagree","Disagree","Agree","Neutral","Agree","Strongly Agree","Disagree","Agree","Strongly Agree","Strongly Disagree","Strongly Agree","Disagree","Strongly Agree","Strongly Disagree","Strongly Agree","Strongly Disagree","Strongly Agree","Strongly Disagree","Terminal with ChatBox","Terminal with ChatBox","","","",""
"2024/04/01 12:11:36 PM AST","4","23","CS Graduate Student","Advanced","Weekly","Online Forums (e.g., Stack Overflow);LLM (e.g., ChatGPT)","Very Easy","Very Easy","Very Easy","Somewhat Easy","Somewhat Easy","Neither Difficult nor Easy","Somewhat Difficult","Somewhat Easy","Very Difficult","Somewhat Frustrating","Very Satisfying","Somewhat Satisfying","Agree","Disagree","Agree","Strongly Disagree","Strongly Disagree","Agree","Neutral","Agree","Neutral","Neutral","Agree","Disagree","Neutral","Agree","Neutral","Disagree","Neutral","Disagree","Agree","Agree","Strongly Agree","Disagree","Agree","Neutral","Strongly Agree","Strongly Disagree","Agree","Strongly Disagree","Strongly Agree","Agree","Terminal with ChatBox","Terminal with ChatBox","","","",""
"2024/04/01 2:52:40 PM AST","12","24","CS Graduate Student","Intermediate","Daily","Online Forums (e.g., Stack Overflow);Colleagues or Friends;LLM (e.g., ChatGPT)","Very Easy","Very Easy","Somewhat Easy","Neither Difficult nor Easy","Somewhat Easy","Somewhat Easy","Somewhat Difficult","Neither Difficult nor Easy","Neither Difficult nor Easy","Somewhat Satisfying","Somewhat Frustrating","Somewhat Satisfying","Agree","Disagree","Agree","Strongly Disagree","Agree","Strongly Disagree","Strongly Agree","Strongly Disagree","Strongly Agree","Strongly Disagree","Disagree","Strongly Agree","Neutral","Agree","Strongly Agree","Neutral","Disagree","Neutral","Disagree","Agree","Strongly Disagree","Agree","Disagree","Agree","Agree","Neutral","Neutral","Agree","Agree","Agree","Normal Terminal","Terminal with Build-in LLM","Website > Build-in LLM > ChatBox","Build-in LLM: allow multiple solutions to choose which commend to excute
ChatBox: need to improve the user experience ","alias gpt ""<commend>""",""
"2024/04/01 3:39:31 PM AST","9","24","CS Graduate Student","Intermediate","Daily","Online Forums (e.g., Stack Overflow);LLM (e.g., ChatGPT);search engine","Very Easy","Somewhat Easy","Somewhat Easy","Neither Difficult nor Easy","Neither Difficult nor Easy","Somewhat Easy","Neither Difficult nor Easy","Somewhat Easy","Neither Difficult nor Easy","Somewhat Satisfying","Somewhat Satisfying","Somewhat Satisfying","Neutral","Disagree","Agree","Strongly Disagree","Disagree","Disagree","Neutral","Disagree","Agree","Disagree","Strongly Disagree","Neutral","Agree","Strongly Disagree","Agree","Disagree","Disagree","Neutral","Agree","Disagree","Neutral","Disagree","Agree","Strongly Disagree","Strongly Agree","Disagree","Agree","Neutral","Agree","Disagree","Normal Terminal","Terminal with ChatBox","","","",""
"2024/04/01 5:43:57 PM AST","11","25","CS Graduate Student","Advanced","Daily","Online Forums (e.g., Stack Overflow)","Very Easy","Somewhat Easy","Neither Difficult nor Easy","Neither Difficult nor Easy","Neither Difficult nor Easy","Very Easy","Neither Difficult nor Easy","Somewhat Difficult","Neither Difficult nor Easy","Neither Frustrating nor Satisfying","Somewhat Frustrating","Very Satisfying","Agree","Neutral","Neutral","Disagree","Disagree","Neutral","Agree","Neutral","Agree","Disagree","Disagree","Disagree","Neutral","Disagree","Neutral","Disagree","Agree","Neutral","Neutral","Neutral","Strongly Agree","Disagree","Agree","Neutral","Strongly Agree","Disagree","Strongly Agree","Disagree","Agree","Disagree","Terminal with ChatBox","Terminal with ChatBox","","","",""
"2024/04/02 1:33:37 PM AST","10","25","CS Graduate Student","Advanced","Daily","LLM (e.g., ChatGPT)","Very Easy","Very Easy","Very Easy","Somewhat Easy","Somewhat Difficult","Somewhat Easy","Somewhat Difficult","Neither Difficult nor Easy","Somewhat Easy","Very Satisfying","Somewhat Frustrating","Somewhat Frustrating","Strongly Agree","Strongly Disagree","Strongly Agree","Strongly Disagree","Strongly Agree","Strongly Disagree","Strongly Agree","Neutral","Strongly Agree","Strongly Disagree","Strongly Disagree","Agree","Disagree","Agree","Disagree","Strongly Agree","Strongly Disagree","Neutral","Disagree","Agree","Strongly Disagree","Agree","Disagree","Neutral","Disagree","Neutral","Strongly Disagree","Neutral","Strongly Disagree","Agree","Normal Terminal","Normal Terminal","","","",""
"2024/04/04 1:49:37 PM AST","5","24","CS Graduate Student","Intermediate","Daily","Online Forums (e.g., Stack Overflow);Official Documentation","Somewhat Easy","Very Easy","Somewhat Easy","Neither Difficult nor Easy","Somewhat Easy","Somewhat Easy","Very Easy","Very Easy","Very Easy","Neither Frustrating nor Satisfying","Somewhat Frustrating","Very Satisfying","Disagree","Neutral","Neutral","Strongly Disagree","Disagree","Disagree","Agree","Disagree","Neutral","Strongly Disagree","Disagree","Agree","Disagree","Disagree","Neutral","Neutral","Disagree","Neutral","Neutral","Disagree","Agree","Strongly Disagree","Agree","Strongly Disagree","Agree","Disagree","Agree","Strongly Disagree","Agree","Strongly Disagree","Terminal with ChatBox","Terminal with ChatBox","","","",""
"2024/04/04 2:56:30 PM AST","6","34","CS Graduate Student","Advanced","Monthly","Online Forums (e.g., Stack Overflow);Colleagues or Friends;LLM (e.g., ChatGPT)","Very Easy","Very Easy","Very Easy","Very Easy","Very Easy","Very Easy","Very Easy","Very Easy","Very Easy","Neither Frustrating nor Satisfying","Very Satisfying","Very Satisfying","Disagree","Agree","Disagree","Strongly Disagree","Disagree","Disagree","Disagree","Neutral","Strongly Agree","Strongly Disagree","Strongly Agree","Disagree","Strongly Agree","Strongly Disagree","Agree","Strongly Disagree","Strongly Agree","Strongly Disagree","Strongly Agree","Strongly Disagree","Strongly Agree","Strongly Disagree","Strongly Agree","Strongly Disagree","Agree","Strongly Disagree","Agree","Strongly Disagree","Strongly Agree","Strongly Disagree","Terminal with ChatBox","Terminal with ChatBox","","","",""
"2024/04/04 4:07:58 PM AST","7","25","ds graduate student","Beginner","Rarely","LLM (e.g., ChatGPT)","Very Easy","Very Easy","Very Easy","Neither Difficult nor Easy","Neither Difficult nor Easy","Somewhat Easy","Very Difficult","Neither Difficult nor Easy","Somewhat Easy","Somewhat Satisfying","Neither Frustrating nor Satisfying","Somewhat Satisfying","Agree","Disagree","Agree","Disagree","Neutral","Disagree","Agree","Disagree","Agree","Disagree","Neutral","Agree","Agree","Disagree","Disagree","Neutral","Agree","Neutral","Neutral","Disagree","Agree","Disagree","Agree","Disagree","Agree","Neutral","Agree","Disagree","Agree","Disagree","Normal Terminal","Terminal with ChatBox","","","",""
"2024/04/04 5:17:13 PM AST","8","27","CS Graduate Student","Advanced","Daily","LLM (e.g., ChatGPT)","Very Easy","Somewhat Easy","Somewhat Easy","Somewhat Easy","Somewhat Easy","Neither Difficult nor Easy","Somewhat Easy","Somewhat Easy","Somewhat Easy","Very Satisfying","Very Satisfying","Very Satisfying","Strongly Agree","Strongly Disagree","Agree","Strongly Disagree","Agree","Strongly Disagree","Agree","Strongly Disagree","Strongly Agree","Strongly Disagree","Strongly Disagree","Strongly Disagree","Neutral","Disagree","Agree","Strongly Disagree","Agree","Strongly Disagree","Strongly Agree","Strongly Disagree","Strongly Disagree","Strongly Disagree","Agree","Neutral","Agree","Strongly Disagree","Agree","Strongly Disagree","Strongly Agree","Strongly Disagree","Normal Terminal","Normal Terminal","","","",""