FirstName,LastName,Email,PhoneNumber,Company
John,Doe,john.doe63@sample.net,722-518-2019,ExampleCorp
Jane,Smith,jane.smith96@website.com,635-556-1437,SampleNet Inc.
Alex,Johnson,alex.johnson50@demo.org,507-751-4021,SampleNet Inc.
Emily,Davis,emily.davis3@sample.net,101-900-7552,SiteOrg
Michael,Brown,michael.brown83@website.com,132-697-9884,SiteOrg
John,Doe,john.doe71@example.com,909-734-6238,ExampleCorp
Jane,Smith,jane.smith27@example.com,999-321-1707,SampleNet Inc.
Alex,Johnson,alex.johnson64@site.org,152-661-1899,DemoOrg
Emily,Davis,emily.davis35@site.org,984-391-6227,WebsiteCom Ltd.
Michael,Brown,michael.brown17@example.com,714-332-7648,DemoOrg
John,Doe,john.doe98@sample.net,746-451-6540,SiteOrg
Jane,Smith,jane.smith15@sample.net,127-233-2320,DemoOrg
Alex,Johnson,alex.johnson7@website.com,939-725-5506,SampleNet Inc.
Emily,Davis,emily.davis3@site.org,607-674-7755,DemoOrg
Michael,Brown,michael.brown45@demo.org,582-180-7842,SampleNet Inc.
John,Doe,john.doe67@example.com,255-732-5241,DemoOrg
Jane,Smith,jane.smith54@site.org,118-773-2482,SampleNet Inc.
Alex,Johnson,alex.johnson62@example.com,755-174-7183,SampleNet Inc.
Emily,Davis,emily.davis91@demo.org,167-479-9462,DemoOrg
Michael,Brown,michael.brown93@sample.net,571-898-3445,SampleNet Inc.
John,Doe,john.doe57@demo.org,814-289-8651,DemoOrg
Jane,Smith,jane.smith12@demo.org,400-812-7740,ExampleCorp
Alex,Johnson,alex.johnson93@demo.org,909-351-6556,DemoOrg
Emily,Davis,emily.davis89@demo.org,526-496-6998,ExampleCorp
Michael,Brown,michael.brown31@site.org,719-931-1387,SiteOrg
John,Doe,john.doe75@demo.org,646-503-5847,SiteOrg
Jane,Smith,jane.smith67@website.com,722-203-8679,SiteOrg
Alex,Johnson,alex.johnson71@demo.org,145-553-5505,DemoOrg
Emily,Davis,emily.davis45@example.com,241-919-3320,SiteOrg
Michael,Brown,michael.brown36@example.com,462-242-5347,WebsiteCom Ltd.
John,Doe,john.doe64@sample.net,661-575-2878,DemoOrg
Jane,Smith,jane.smith37@sample.net,632-679-1878,WebsiteCom Ltd.
Alex,Johnson,alex.johnson64@site.org,470-153-9876,WebsiteCom Ltd.
Emily,Davis,emily.davis32@example.com,760-462-6177,DemoOrg
Michael,Brown,michael.brown33@example.com,512-603-1110,SampleNet Inc.
John,Doe,john.doe15@sample.net,537-576-1623,SampleNet Inc.
Jane,Smith,jane.smith48@example.com,433-339-3541,SiteOrg
Alex,Johnson,alex.johnson19@demo.org,724-338-7138,WebsiteCom Ltd.
Emily,Davis,emily.davis3@site.org,933-640-9732,SampleNet Inc.
Michael,Brown,michael.brown7@site.org,862-851-2629,DemoOrg
John,Doe,john.doe63@site.org,612-729-1241,DemoOrg
Jane,Smith,jane.smith49@site.org,804-569-9892,DemoOrg
Alex,Johnson,alex.johnson50@website.com,179-410-5044,DemoOrg
Emily,Davis,emily.davis51@demo.org,553-207-8611,ExampleCorp
Michael,Brown,michael.brown71@sample.net,792-118-8097,WebsiteCom Ltd.
John,Doe,john.doe67@site.org,262-173-7804,ExampleCorp
Jane,Smith,jane.smith96@website.com,570-645-7415,DemoOrg
Alex,Johnson,alex.johnson60@sample.net,341-907-5602,SampleNet Inc.
Emily,Davis,emily.davis2@website.com,192-255-7404,SampleNet Inc.
Michael,Brown,michael.brown15@sample.net,744-647-8120,SiteOrg
John,Doe,john.doe69@website.com,938-515-3342,DemoOrg
Jane,Smith,jane.smith29@site.org,766-390-6765,DemoOrg
Alex,Johnson,alex.johnson63@demo.org,581-138-4383,SiteOrg
Emily,Davis,emily.davis64@sample.net,466-377-8609,ExampleCorp
Michael,Brown,michael.brown33@example.com,463-217-9046,SampleNet Inc.
John,Doe,john.doe50@example.com,410-239-4222,SampleNet Inc.
Jane,Smith,jane.smith31@demo.org,668-305-3163,WebsiteCom Ltd.
Alex,Johnson,alex.johnson58@sample.net,732-942-5543,SiteOrg
Emily,Davis,emily.davis81@sample.net,689-136-8597,DemoOrg
Michael,Brown,michael.brown91@example.com,872-363-1115,ExampleCorp
John,Doe,john.doe14@site.org,469-396-4698,SiteOrg
Jane,Smith,jane.smith14@sample.net,631-581-2846,SiteOrg
Alex,Johnson,alex.johnson26@example.com,538-907-4753,SampleNet Inc.
Emily,Davis,emily.davis30@demo.org,402-218-6021,WebsiteCom Ltd.
Michael,Brown,michael.brown21@sample.net,114-631-7846,SampleNet Inc.
John,Doe,john.doe29@demo.org,116-982-7986,ExampleCorp
Jane,Smith,jane.smith24@example.com,833-156-4898,ExampleCorp
Alex,Johnson,alex.johnson28@demo.org,259-661-7481,WebsiteCom Ltd.
Emily,Davis,emily.davis70@example.com,426-278-6819,SampleNet Inc.
Michael,Brown,michael.brown17@site.org,463-249-9056,WebsiteCom Ltd.
John,Doe,john.doe44@website.com,204-614-3241,ExampleCorp
Jane,Smith,jane.smith11@site.org,195-922-3186,SiteOrg
Alex,Johnson,alex.johnson66@demo.org,582-413-3688,DemoOrg
Emily,Davis,emily.davis36@sample.net,710-997-9603,WebsiteCom Ltd.
Michael,Brown,michael.brown24@website.com,369-314-7306,ExampleCorp
John,Doe,john.doe59@example.com,949-891-1422,ExampleCorp
Jane,Smith,jane.smith18@website.com,818-687-1225,SiteOrg
Alex,Johnson,alex.johnson9@sample.net,538-712-2757,ExampleCorp
Emily,Davis,emily.davis68@website.com,324-733-9600,ExampleCorp
Michael,Brown,michael.brown91@sample.net,534-864-5529,WebsiteCom Ltd.
John,Doe,john.doe2@example.com,508-219-6844,SampleNet Inc.
Jane,Smith,jane.smith51@example.com,586-412-5693,SiteOrg
Alex,Johnson,alex.johnson9@example.com,979-641-9452,WebsiteCom Ltd.
Emily,Davis,emily.davis78@website.com,756-585-3372,ExampleCorp
Michael,Brown,michael.brown25@sample.net,415-638-1058,DemoOrg
John,Doe,john.doe52@demo.org,772-119-1778,DemoOrg
Jane,Smith,jane.smith47@example.com,305-149-9792,SiteOrg
Alex,Johnson,alex.johnson54@demo.org,616-699-3761,DemoOrg
Emily,Davis,emily.davis57@example.com,569-602-4225,WebsiteCom Ltd.
Michael,Brown,michael.brown5@website.com,587-310-2228,ExampleCorp
John,Doe,john.doe41@website.com,153-366-6916,SampleNet Inc.
Jane,Smith,jane.smith89@site.org,619-804-7846,ExampleCorp
Alex,Johnson,alex.johnson57@example.com,545-742-2836,WebsiteCom Ltd.
Emily,Davis,emily.davis3@sample.net,790-451-3611,SampleNet Inc.
Michael,Brown,michael.brown41@site.org,862-825-5358,DemoOrg
John,Doe,john.doe10@demo.org,270-592-7570,ExampleCorp
Jane,Smith,jane.smith19@site.org,619-207-6139,DemoOrg
Alex,Johnson,alex.johnson69@site.org,463-159-3209,SiteOrg
Emily,Davis,emily.davis46@example.com,724-940-6923,DemoOrg
Michael,Brown,michael.brown46@sample.net,782-294-6513,WebsiteCom Ltd.
John,Doe,john.doe24@website.com,379-685-1798,DemoOrg
Jane,Smith,jane.smith94@site.org,340-480-9515,WebsiteCom Ltd.
Alex,Johnson,alex.johnson43@website.com,228-618-3504,SampleNet Inc.
Emily,Davis,emily.davis72@website.com,496-708-4232,SiteOrg
Michael,Brown,michael.brown34@website.com,318-105-3798,SampleNet Inc.
John,Doe,john.doe37@example.com,220-402-4874,SiteOrg
Jane,Smith,jane.smith8@demo.org,220-382-1066,SiteOrg
Alex,Johnson,alex.johnson60@site.org,234-623-3040,SiteOrg
Emily,Davis,emily.davis5@example.com,956-615-2445,ExampleCorp
Michael,Brown,michael.brown51@site.org,638-482-1544,SiteOrg
John,Doe,john.doe60@website.com,310-579-4338,ExampleCorp
Jane,Smith,jane.smith52@example.com,195-738-1307,SampleNet Inc.
Alex,Johnson,alex.johnson38@site.org,681-873-6492,WebsiteCom Ltd.
Emily,Davis,emily.davis66@demo.org,249-299-8109,SiteOrg
Michael,Brown,michael.brown5@site.org,423-877-5958,DemoOrg
John,Doe,john.doe63@site.org,779-809-5242,ExampleCorp
Jane,Smith,jane.smith96@demo.org,379-534-6298,SiteOrg
Alex,Johnson,alex.johnson94@website.com,555-547-3308,SiteOrg
Emily,Davis,emily.davis81@website.com,572-885-2236,SampleNet Inc.
Michael,Brown,michael.brown9@demo.org,123-617-6567,SiteOrg
John,Doe,john.doe89@example.com,273-647-1066,WebsiteCom Ltd.
Jane,Smith,jane.smith28@sample.net,825-420-1086,SiteOrg
Alex,Johnson,alex.johnson20@demo.org,896-520-9093,DemoOrg
Emily,Davis,emily.davis51@sample.net,244-487-1416,DemoOrg
Michael,Brown,michael.brown92@site.org,481-684-2741,WebsiteCom Ltd.
John,Doe,john.doe27@sample.net,968-915-8634,SampleNet Inc.
Jane,Smith,jane.smith84@example.com,515-691-8357,WebsiteCom Ltd.
Alex,Johnson,alex.johnson71@demo.org,127-202-5952,DemoOrg
Emily,Davis,emily.davis35@example.com,632-517-6354,SiteOrg
Michael,Brown,michael.brown42@website.com,408-300-1485,WebsiteCom Ltd.
John,Doe,john.doe63@demo.org,662-766-8530,WebsiteCom Ltd.
Jane,Smith,jane.smith41@example.com,740-750-1961,SampleNet Inc.
Alex,Johnson,alex.johnson48@demo.org,296-942-1152,SiteOrg
Emily,Davis,emily.davis74@demo.org,739-562-3521,DemoOrg
Michael,Brown,michael.brown65@example.com,281-349-7108,SampleNet Inc.
John,Doe,john.doe10@sample.net,490-617-4392,SiteOrg
Jane,Smith,jane.smith94@site.org,189-443-1598,SampleNet Inc.
Alex,Johnson,alex.johnson1@demo.org,802-774-4572,SiteOrg
Emily,Davis,emily.davis24@example.com,864-934-9218,WebsiteCom Ltd.
Michael,Brown,michael.brown22@website.com,932-705-9399,SiteOrg
John,Doe,john.doe23@example.com,482-647-7922,WebsiteCom Ltd.
Jane,Smith,jane.smith39@sample.net,250-686-9919,WebsiteCom Ltd.
Alex,Johnson,alex.johnson93@example.com,709-131-7351,DemoOrg
Emily,Davis,emily.davis37@demo.org,495-635-6441,SiteOrg
Michael,Brown,michael.brown93@website.com,930-791-4854,ExampleCorp
John,Doe,john.doe72@site.org,410-237-8662,DemoOrg
Jane,Smith,jane.smith82@sample.net,529-127-6644,ExampleCorp
Alex,Johnson,alex.johnson60@demo.org,168-208-1602,ExampleCorp
Emily,Davis,emily.davis19@website.com,158-481-9794,ExampleCorp
Michael,Brown,michael.brown35@demo.org,138-986-8486,SampleNet Inc.
John,Doe,john.doe40@site.org,830-910-5754,DemoOrg
Jane,Smith,jane.smith17@demo.org,212-996-4820,SampleNet Inc.
Alex,Johnson,alex.johnson49@example.com,920-798-2449,DemoOrg
Emily,Davis,emily.davis10@demo.org,433-635-4641,ExampleCorp
Michael,Brown,michael.brown66@site.org,741-261-7631,ExampleCorp
John,Doe,john.doe94@website.com,605-499-5450,WebsiteCom Ltd.
Jane,Smith,jane.smith2@sample.net,994-298-3193,ExampleCorp
Alex,Johnson,alex.johnson96@site.org,125-269-5241,SiteOrg
Emily,Davis,emily.davis21@website.com,916-752-2089,WebsiteCom Ltd.
Michael,Brown,michael.brown87@website.com,344-839-4206,SampleNet Inc.
John,Doe,john.doe99@website.com,491-229-3591,WebsiteCom Ltd.
Jane,Smith,jane.smith11@sample.net,298-875-2360,SiteOrg
Alex,Johnson,alex.johnson82@website.com,435-569-4641,DemoOrg
Emily,Davis,emily.davis22@example.com,717-427-9291,SampleNet Inc.
Michael,Brown,michael.brown44@demo.org,909-579-1918,WebsiteCom Ltd.
John,Doe,john.doe60@demo.org,825-765-5832,SampleNet Inc.
Jane,Smith,jane.smith60@site.org,437-517-5458,ExampleCorp
Alex,Johnson,alex.johnson99@sample.net,675-436-4390,WebsiteCom Ltd.
Emily,Davis,emily.davis57@demo.org,158-161-3329,WebsiteCom Ltd.
Michael,Brown,michael.brown7@website.com,674-712-7924,ExampleCorp
John,Doe,john.doe80@website.com,890-353-6985,ExampleCorp
Jane,Smith,jane.smith92@example.com,794-579-4057,DemoOrg
Alex,Johnson,alex.johnson31@sample.net,490-919-6790,ExampleCorp
Emily,Davis,emily.davis99@sample.net,600-628-2411,WebsiteCom Ltd.
Michael,Brown,michael.brown73@demo.org,215-919-2058,ExampleCorp
John,Doe,john.doe47@sample.net,976-538-1907,ExampleCorp
Jane,Smith,jane.smith36@site.org,187-443-4169,DemoOrg
Alex,Johnson,alex.johnson51@example.com,473-451-3288,SiteOrg
Emily,Davis,emily.davis13@site.org,160-274-7950,ExampleCorp
Michael,Brown,michael.brown9@site.org,468-481-9351,SampleNet Inc.
John,Doe,john.doe76@site.org,417-907-6489,WebsiteCom Ltd.
Jane,Smith,jane.smith16@sample.net,990-575-2456,WebsiteCom Ltd.
Alex,Johnson,alex.johnson62@website.com,978-890-4580,WebsiteCom Ltd.
Emily,Davis,emily.davis28@sample.net,730-765-1398,DemoOrg
Michael,Brown,michael.brown64@example.com,714-630-5464,DemoOrg
John,Doe,john.doe11@sample.net,793-589-5645,ExampleCorp
Jane,Smith,jane.smith58@site.org,238-373-9688,SiteOrg
Alex,Johnson,alex.johnson60@example.com,777-837-2450,SiteOrg
Emily,Davis,emily.davis22@example.com,145-687-6979,ExampleCorp
Michael,Brown,michael.brown58@sample.net,708-311-4260,SampleNet Inc.
John,Doe,john.doe12@site.org,358-853-2608,WebsiteCom Ltd.
Jane,Smith,jane.smith14@website.com,252-591-9365,SampleNet Inc.
Alex,Johnson,alex.johnson31@demo.org,163-557-7442,SiteOrg
Emily,Davis,emily.davis86@demo.org,738-179-1243,SiteOrg
Michael,Brown,michael.brown76@website.com,834-353-1851,SiteOrg
John,Doe,john.doe76@site.org,640-556-3333,SiteOrg
Jane,Smith,jane.smith20@site.org,995-880-1586,DemoOrg
Alex,Johnson,alex.johnson95@sample.net,168-951-5772,SiteOrg
Emily,Davis,emily.davis60@website.com,580-856-8965,DemoOrg
Michael,Brown,michael.brown41@example.com,321-862-2651,SampleNet Inc.
John,Doe,john.doe60@sample.net,767-494-7960,WebsiteCom Ltd.
Jane,Smith,jane.smith95@sample.net,275-113-8556,SampleNet Inc.
Alex,Johnson,alex.johnson61@example.com,902-442-4695,ExampleCorp
Emily,Davis,emily.davis45@sample.net,907-310-6528,WebsiteCom Ltd.
Michael,Brown,michael.brown95@example.com,110-412-6455,DemoOrg
John,Doe,john.doe97@example.com,565-113-5953,WebsiteCom Ltd.
Jane,Smith,jane.smith98@sample.net,859-126-6051,WebsiteCom Ltd.
Alex,Johnson,alex.johnson55@website.com,617-530-9042,SampleNet Inc.
Emily,Davis,emily.davis45@site.org,824-781-9541,ExampleCorp
Michael,Brown,michael.brown33@sample.net,339-223-4416,WebsiteCom Ltd.
John,Doe,john.doe43@demo.org,101-807-9289,SiteOrg
Jane,Smith,jane.smith16@sample.net,304-403-8863,SampleNet Inc.
Alex,Johnson,alex.johnson43@sample.net,662-168-5247,SampleNet Inc.
Emily,Davis,emily.davis19@demo.org,963-175-1218,DemoOrg
Michael,Brown,michael.brown12@example.com,270-148-5275,SampleNet Inc.
John,Doe,john.doe63@demo.org,633-362-6827,SiteOrg
Jane,Smith,jane.smith7@website.com,433-676-9265,SiteOrg
Alex,Johnson,alex.johnson77@website.com,895-686-6782,SiteOrg
Emily,Davis,emily.davis65@demo.org,889-269-8476,SiteOrg
Michael,Brown,michael.brown9@sample.net,196-226-2126,SiteOrg
John,Doe,john.doe13@website.com,373-347-7325,DemoOrg
Jane,Smith,jane.smith43@demo.org,947-260-6178,SampleNet Inc.
Alex,Johnson,alex.johnson77@site.org,177-895-8889,ExampleCorp
Emily,Davis,emily.davis34@example.com,570-328-6894,WebsiteCom Ltd.
Michael,Brown,michael.brown40@website.com,960-505-7839,ExampleCorp
John,Doe,john.doe50@website.com,618-299-5479,SampleNet Inc.
Jane,Smith,jane.smith38@sample.net,315-407-3962,WebsiteCom Ltd.
Alex,Johnson,alex.johnson19@demo.org,129-941-6130,SiteOrg
Emily,Davis,emily.davis35@demo.org,197-120-5225,ExampleCorp
Michael,Brown,michael.brown57@website.com,320-102-6571,ExampleCorp
John,Doe,john.doe48@sample.net,290-394-6263,DemoOrg
Jane,Smith,jane.smith74@demo.org,347-698-3858,WebsiteCom Ltd.
Alex,Johnson,alex.johnson50@website.com,831-893-4350,SampleNet Inc.
Emily,Davis,emily.davis11@sample.net,691-603-7743,SampleNet Inc.
Michael,Brown,michael.brown20@sample.net,843-761-7225,ExampleCorp
John,Doe,john.doe55@website.com,700-961-5345,SiteOrg
Jane,Smith,jane.smith53@example.com,493-186-9362,WebsiteCom Ltd.
Alex,Johnson,alex.johnson31@sample.net,990-797-4058,ExampleCorp
Emily,Davis,emily.davis11@example.com,703-393-7486,ExampleCorp
Michael,Brown,michael.brown6@site.org,665-506-6416,SiteOrg
John,Doe,john.doe68@demo.org,195-970-5001,ExampleCorp
Jane,Smith,jane.smith28@site.org,755-850-3462,WebsiteCom Ltd.
Alex,Johnson,alex.johnson30@sample.net,966-576-9677,WebsiteCom Ltd.
Emily,Davis,emily.davis1@site.org,209-216-9474,ExampleCorp
Michael,Brown,michael.brown40@example.com,477-305-1518,WebsiteCom Ltd.
John,Doe,john.doe72@website.com,994-745-9736,SiteOrg
Jane,Smith,jane.smith12@example.com,770-263-1414,SampleNet Inc.
Alex,Johnson,alex.johnson95@site.org,713-341-1911,WebsiteCom Ltd.
Emily,Davis,emily.davis90@website.com,622-811-7407,DemoOrg
Michael,Brown,michael.brown75@sample.net,665-347-4410,ExampleCorp
John,Doe,john.doe26@website.com,510-515-6609,WebsiteCom Ltd.
Jane,Smith,jane.smith33@website.com,814-793-4493,SiteOrg
Alex,Johnson,alex.johnson52@sample.net,896-341-5326,SiteOrg
Emily,Davis,emily.davis24@sample.net,515-290-1415,DemoOrg
Michael,Brown,michael.brown64@website.com,791-871-2382,ExampleCorp
John,Doe,john.doe99@site.org,237-581-8375,ExampleCorp
Jane,Smith,jane.smith26@site.org,759-574-8130,DemoOrg
Alex,Johnson,alex.johnson35@demo.org,141-256-8903,DemoOrg
Emily,Davis,emily.davis85@example.com,186-667-6822,SiteOrg
Michael,Brown,michael.brown16@demo.org,627-590-8027,SiteOrg
John,Doe,john.doe41@demo.org,977-235-2655,ExampleCorp
Jane,Smith,jane.smith79@demo.org,171-536-9305,SiteOrg
Alex,Johnson,alex.johnson64@demo.org,556-826-8125,SiteOrg
Emily,Davis,emily.davis15@site.org,155-383-9541,WebsiteCom Ltd.
Michael,Brown,michael.brown28@website.com,627-265-1296,ExampleCorp
John,Doe,john.doe27@demo.org,247-921-6903,WebsiteCom Ltd.
Jane,Smith,jane.smith19@example.com,345-769-8270,SiteOrg
Alex,Johnson,alex.johnson17@website.com,765-511-1940,ExampleCorp
Emily,Davis,emily.davis61@site.org,735-253-2238,WebsiteCom Ltd.
Michael,Brown,michael.brown35@site.org,142-738-9155,DemoOrg
John,Doe,john.doe12@example.com,636-893-9939,SampleNet Inc.
Jane,Smith,jane.smith9@example.com,283-126-4390,DemoOrg
Alex,Johnson,alex.johnson95@sample.net,330-140-9273,SiteOrg
Emily,Davis,emily.davis86@demo.org,135-155-6393,WebsiteCom Ltd.
Michael,Brown,michael.brown54@sample.net,466-361-9848,DemoOrg
John,Doe,john.doe6@site.org,287-303-6540,SiteOrg
Jane,Smith,jane.smith36@site.org,273-556-3252,SampleNet Inc.
Alex,Johnson,alex.johnson90@website.com,581-983-7618,WebsiteCom Ltd.
Emily,Davis,emily.davis21@sample.net,251-225-7982,DemoOrg
Michael,Brown,michael.brown95@demo.org,287-407-3852,ExampleCorp
John,Doe,john.doe25@example.com,963-242-1392,SampleNet Inc.
Jane,Smith,jane.smith59@sample.net,855-997-4310,ExampleCorp
Alex,Johnson,alex.johnson17@site.org,571-475-7443,WebsiteCom Ltd.
Emily,Davis,emily.davis32@demo.org,930-767-6939,WebsiteCom Ltd.
Michael,Brown,michael.brown85@site.org,537-944-9183,ExampleCorp
John,Doe,john.doe1@site.org,406-916-4696,WebsiteCom Ltd.
Jane,Smith,jane.smith69@sample.net,277-407-2539,ExampleCorp
Alex,Johnson,alex.johnson74@website.com,552-532-9687,SampleNet Inc.
Emily,Davis,emily.davis75@demo.org,898-583-4745,WebsiteCom Ltd.
Michael,Brown,michael.brown25@example.com,767-318-2776,DemoOrg
John,Doe,john.doe40@sample.net,648-369-2776,WebsiteCom Ltd.
Jane,Smith,jane.smith35@demo.org,596-368-9699,ExampleCorp
Alex,Johnson,alex.johnson46@website.com,849-795-4892,DemoOrg
Emily,Davis,emily.davis88@example.com,576-202-9863,DemoOrg
Michael,Brown,michael.brown75@example.com,611-445-6907,DemoOrg
John,Doe,john.doe46@site.org,994-653-3582,WebsiteCom Ltd.
Jane,Smith,jane.smith54@website.com,879-660-6657,SiteOrg
Alex,Johnson,alex.johnson22@demo.org,638-899-7486,DemoOrg
Emily,Davis,emily.davis85@example.com,786-226-5739,WebsiteCom Ltd.
Michael,Brown,michael.brown11@site.org,690-895-8660,ExampleCorp
John,Doe,john.doe45@website.com,918-246-6844,SampleNet Inc.
Jane,Smith,jane.smith4@site.org,902-232-1343,SampleNet Inc.
Alex,Johnson,alex.johnson5@site.org,805-213-3846,WebsiteCom Ltd.
Emily,Davis,emily.davis73@website.com,620-624-3522,SiteOrg
Michael,Brown,michael.brown45@example.com,214-258-4614,SampleNet Inc.
John,Doe,john.doe64@sample.net,693-730-3799,ExampleCorp
Jane,Smith,jane.smith92@example.com,473-476-4151,SampleNet Inc.
Alex,Johnson,alex.johnson89@example.com,884-433-5667,DemoOrg
Emily,Davis,emily.davis59@website.com,654-886-1248,SampleNet Inc.
Michael,Brown,michael.brown20@site.org,342-786-3769,DemoOrg
John,Doe,john.doe68@website.com,196-361-8802,WebsiteCom Ltd.
Jane,Smith,jane.smith24@sample.net,451-668-6041,SampleNet Inc.
Alex,Johnson,alex.johnson25@website.com,539-674-3974,SampleNet Inc.
Emily,Davis,emily.davis62@example.com,592-664-8902,SiteOrg
Michael,Brown,michael.brown90@demo.org,622-469-6845,ExampleCorp
John,Doe,john.doe71@website.com,389-476-7928,ExampleCorp
Jane,Smith,jane.smith19@website.com,265-292-6273,WebsiteCom Ltd.
Alex,Johnson,alex.johnson29@demo.org,842-613-8286,ExampleCorp
Emily,Davis,emily.davis38@example.com,622-990-3943,DemoOrg
Michael,Brown,michael.brown13@site.org,337-963-9478,DemoOrg
John,Doe,john.doe79@website.com,475-755-5365,DemoOrg
Jane,Smith,jane.smith70@sample.net,722-843-7604,SampleNet Inc.
Alex,Johnson,alex.johnson23@demo.org,283-504-7509,ExampleCorp
Emily,Davis,emily.davis28@demo.org,437-783-2414,ExampleCorp
Michael,Brown,michael.brown31@sample.net,532-813-4196,SampleNet Inc.
John,Doe,john.doe33@site.org,184-154-6805,DemoOrg
Jane,Smith,jane.smith2@example.com,915-190-7497,SiteOrg
Alex,Johnson,alex.johnson92@demo.org,708-885-2758,DemoOrg
Emily,Davis,emily.davis17@demo.org,986-792-6898,ExampleCorp
Michael,Brown,michael.brown46@example.com,587-919-6417,WebsiteCom Ltd.
John,Doe,john.doe14@example.com,197-641-6693,WebsiteCom Ltd.
Jane,Smith,jane.smith95@sample.net,141-545-5065,ExampleCorp
Alex,Johnson,alex.johnson5@sample.net,764-960-6269,DemoOrg
Emily,Davis,emily.davis14@example.com,301-284-7615,WebsiteCom Ltd.
Michael,Brown,michael.brown82@example.com,304-954-6922,WebsiteCom Ltd.
John,Doe,john.doe29@demo.org,875-860-9374,ExampleCorp
Jane,Smith,jane.smith32@sample.net,970-290-5442,WebsiteCom Ltd.
Alex,Johnson,alex.johnson82@website.com,979-549-4936,WebsiteCom Ltd.
Emily,Davis,emily.davis93@site.org,842-240-3817,ExampleCorp
Michael,Brown,michael.brown58@website.com,828-825-7231,WebsiteCom Ltd.
John,Doe,john.doe98@site.org,306-913-7594,ExampleCorp
Jane,Smith,jane.smith57@site.org,966-376-5475,ExampleCorp
Alex,Johnson,alex.johnson36@example.com,190-500-8662,ExampleCorp
Emily,Davis,emily.davis42@example.com,778-856-1306,DemoOrg
Michael,Brown,michael.brown3@example.com,257-543-8668,WebsiteCom Ltd.
John,Doe,john.doe99@site.org,681-475-7635,SampleNet Inc.
Jane,Smith,jane.smith46@site.org,363-289-5906,SiteOrg
Alex,Johnson,alex.johnson4@demo.org,826-223-6756,SiteOrg
Emily,Davis,emily.davis92@site.org,565-227-8858,SiteOrg
Michael,Brown,michael.brown69@sample.net,578-391-7010,SampleNet Inc.
John,Doe,john.doe27@site.org,730-703-2412,ExampleCorp
Jane,Smith,jane.smith55@example.com,330-783-1418,WebsiteCom Ltd.
Alex,Johnson,alex.johnson59@sample.net,508-554-6968,ExampleCorp
Emily,Davis,emily.davis60@sample.net,715-157-9860,SampleNet Inc.
Michael,Brown,michael.brown6@sample.net,768-463-7175,SiteOrg
John,Doe,john.doe64@sample.net,890-507-6965,SampleNet Inc.
Jane,Smith,jane.smith32@sample.net,960-939-2847,DemoOrg
Alex,Johnson,alex.johnson43@demo.org,432-536-6078,SampleNet Inc.
Emily,Davis,emily.davis2@demo.org,145-211-6670,SampleNet Inc.
Michael,Brown,michael.brown35@demo.org,422-257-7792,SampleNet Inc.
John,Doe,john.doe64@website.com,615-886-5660,SiteOrg
Jane,Smith,jane.smith14@sample.net,244-637-8575,SampleNet Inc.
Alex,Johnson,alex.johnson90@demo.org,190-401-3711,SiteOrg
Emily,Davis,emily.davis42@site.org,591-851-2634,SampleNet Inc.
Michael,Brown,michael.brown78@demo.org,275-505-5867,ExampleCorp
John,Doe,john.doe39@sample.net,424-976-5337,WebsiteCom Ltd.
Jane,Smith,jane.smith23@site.org,660-680-6623,SiteOrg
Alex,Johnson,alex.johnson46@sample.net,411-374-8430,ExampleCorp
Emily,Davis,emily.davis83@site.org,939-168-5286,DemoOrg
Michael,Brown,michael.brown23@sample.net,105-699-1493,ExampleCorp
John,Doe,john.doe2@demo.org,112-223-6151,DemoOrg
Jane,Smith,jane.smith15@site.org,948-886-6459,ExampleCorp
Alex,Johnson,alex.johnson49@example.com,183-628-7596,DemoOrg
Emily,Davis,emily.davis54@demo.org,628-952-7555,SampleNet Inc.
Michael,Brown,michael.brown36@website.com,731-401-7358,ExampleCorp
John,Doe,john.doe56@site.org,426-661-4276,DemoOrg
Jane,Smith,jane.smith53@demo.org,499-326-2427,DemoOrg
Alex,Johnson,alex.johnson88@website.com,606-398-8125,SampleNet Inc.
Emily,Davis,emily.davis31@demo.org,690-435-2049,SampleNet Inc.
Michael,Brown,michael.brown88@example.com,659-819-7616,ExampleCorp
John,Doe,john.doe96@sample.net,677-831-1544,DemoOrg
Jane,Smith,jane.smith92@website.com,998-219-9923,ExampleCorp
Alex,Johnson,alex.johnson54@site.org,191-774-1395,DemoOrg
Emily,Davis,emily.davis27@website.com,270-908-2927,DemoOrg
Michael,Brown,michael.brown91@website.com,821-809-5458,DemoOrg
John,Doe,john.doe73@website.com,302-491-7001,SampleNet Inc.
Jane,Smith,jane.smith93@website.com,957-186-3187,WebsiteCom Ltd.
Alex,Johnson,alex.johnson67@demo.org,339-235-7353,DemoOrg
Emily,Davis,emily.davis53@demo.org,229-894-5464,DemoOrg
Michael,Brown,michael.brown90@website.com,224-853-4143,WebsiteCom Ltd.
John,Doe,john.doe14@site.org,997-619-7887,WebsiteCom Ltd.
Jane,Smith,jane.smith45@example.com,280-689-8029,ExampleCorp
Alex,Johnson,alex.johnson64@site.org,670-540-9839,DemoOrg
Emily,Davis,emily.davis52@website.com,493-679-8926,WebsiteCom Ltd.
Michael,Brown,michael.brown40@demo.org,434-735-5060,ExampleCorp
John,Doe,john.doe52@site.org,391-183-3023,DemoOrg
Jane,Smith,jane.smith43@sample.net,288-129-2472,WebsiteCom Ltd.
Alex,Johnson,alex.johnson47@website.com,349-988-5194,WebsiteCom Ltd.
Emily,Davis,emily.davis18@demo.org,334-946-6940,ExampleCorp
Michael,Brown,michael.brown41@example.com,282-326-4268,SiteOrg
John,Doe,john.doe45@sample.net,421-742-1462,SiteOrg
Jane,Smith,jane.smith24@example.com,989-212-3230,ExampleCorp
Alex,Johnson,alex.johnson54@sample.net,805-776-6757,WebsiteCom Ltd.
Emily,Davis,emily.davis95@sample.net,505-716-2589,DemoOrg
Michael,Brown,michael.brown15@website.com,801-148-2495,SiteOrg
John,Doe,john.doe9@example.com,132-889-8362,ExampleCorp
Jane,Smith,jane.smith85@example.com,245-391-8876,WebsiteCom Ltd.
Alex,Johnson,alex.johnson13@site.org,834-626-1227,ExampleCorp
Emily,Davis,emily.davis72@website.com,615-374-1363,SampleNet Inc.
Michael,Brown,michael.brown3@demo.org,381-881-7486,ExampleCorp
John,Doe,john.doe95@sample.net,499-374-9896,DemoOrg
Jane,Smith,jane.smith17@example.com,429-549-2203,WebsiteCom Ltd.
Alex,Johnson,alex.johnson89@demo.org,974-373-7513,DemoOrg
Emily,Davis,emily.davis80@example.com,503-898-9620,WebsiteCom Ltd.
Michael,Brown,michael.brown64@website.com,414-138-7567,DemoOrg
John,Doe,john.doe86@example.com,758-166-5762,SiteOrg
Jane,Smith,jane.smith10@example.com,248-617-2026,SampleNet Inc.
Alex,Johnson,alex.johnson18@demo.org,605-319-7156,SiteOrg
Emily,Davis,emily.davis22@demo.org,198-218-8451,DemoOrg
Michael,Brown,michael.brown47@demo.org,756-455-9283,SampleNet Inc.
John,Doe,john.doe49@website.com,435-359-7392,ExampleCorp
Jane,Smith,jane.smith38@sample.net,543-462-9249,SiteOrg
Alex,Johnson,alex.johnson91@website.com,775-576-6195,DemoOrg
Emily,Davis,emily.davis34@website.com,247-780-3979,SiteOrg
Michael,Brown,michael.brown83@website.com,947-863-8387,DemoOrg
John,Doe,john.doe24@example.com,300-370-4067,ExampleCorp
Jane,Smith,jane.smith70@example.com,258-274-2049,ExampleCorp
Alex,Johnson,alex.johnson75@example.com,998-768-2792,WebsiteCom Ltd.
Emily,Davis,emily.davis67@demo.org,586-890-9303,WebsiteCom Ltd.
Michael,Brown,michael.brown54@demo.org,517-424-5960,ExampleCorp
John,Doe,john.doe58@website.com,432-230-1524,WebsiteCom Ltd.
Jane,Smith,jane.smith39@website.com,723-576-5158,ExampleCorp
Alex,Johnson,alex.johnson14@example.com,867-201-4951,SampleNet Inc.
Emily,Davis,emily.davis48@demo.org,988-724-4526,ExampleCorp
Michael,Brown,michael.brown6@site.org,381-286-4910,WebsiteCom Ltd.
John,Doe,john.doe80@site.org,622-124-1700,ExampleCorp
Jane,Smith,jane.smith84@website.com,927-634-7632,SiteOrg
Alex,Johnson,alex.johnson53@example.com,518-971-1495,ExampleCorp
Emily,Davis,emily.davis48@website.com,319-777-8520,ExampleCorp
Michael,Brown,michael.brown27@website.com,325-990-1899,ExampleCorp
John,Doe,john.doe63@sample.net,455-784-7196,WebsiteCom Ltd.
Jane,Smith,jane.smith64@demo.org,196-756-4419,ExampleCorp
Alex,Johnson,alex.johnson25@sample.net,593-761-3483,DemoOrg
Emily,Davis,emily.davis40@sample.net,949-834-3829,SampleNet Inc.
Michael,Brown,michael.brown88@website.com,114-225-2147,WebsiteCom Ltd.
John,Doe,john.doe86@site.org,974-417-8499,DemoOrg
Jane,Smith,jane.smith53@website.com,243-769-2141,WebsiteCom Ltd.
Alex,Johnson,alex.johnson83@website.com,183-238-5288,DemoOrg
Emily,Davis,emily.davis11@demo.org,215-870-4686,WebsiteCom Ltd.
Michael,Brown,michael.brown79@example.com,267-106-2356,SampleNet Inc.
John,Doe,john.doe60@sample.net,999-345-2505,DemoOrg
Jane,Smith,jane.smith99@website.com,795-747-5787,SampleNet Inc.
Alex,Johnson,alex.johnson83@example.com,785-649-8722,WebsiteCom Ltd.
Emily,Davis,emily.davis51@demo.org,633-514-4796,WebsiteCom Ltd.
Michael,Brown,michael.brown14@site.org,927-523-8910,SampleNet Inc.
John,Doe,john.doe29@sample.net,393-544-7025,SiteOrg
Jane,Smith,jane.smith92@demo.org,178-839-5664,SiteOrg
Alex,Johnson,alex.johnson35@demo.org,945-621-5476,WebsiteCom Ltd.
Emily,Davis,emily.davis59@example.com,338-239-3354,DemoOrg
Michael,Brown,michael.brown51@site.org,703-660-3266,WebsiteCom Ltd.
John,Doe,john.doe98@site.org,136-176-6074,ExampleCorp
Jane,Smith,jane.smith20@website.com,647-947-6562,ExampleCorp
Alex,Johnson,alex.johnson79@example.com,625-710-4873,SiteOrg
Emily,Davis,emily.davis40@website.com,282-691-9584,ExampleCorp
Michael,Brown,michael.brown36@demo.org,407-175-1077,WebsiteCom Ltd.
John,Doe,john.doe72@sample.net,962-265-8677,SiteOrg
Jane,Smith,jane.smith26@site.org,193-690-3144,SampleNet Inc.
Alex,Johnson,alex.johnson63@website.com,609-659-4714,SampleNet Inc.
Emily,Davis,emily.davis43@demo.org,730-110-7906,ExampleCorp
Michael,Brown,michael.brown46@sample.net,721-314-5076,WebsiteCom Ltd.
John,Doe,john.doe41@example.com,679-689-2334,SiteOrg
Jane,Smith,jane.smith6@site.org,317-287-3996,DemoOrg
Alex,Johnson,alex.johnson5@sample.net,801-493-6046,SiteOrg
Emily,Davis,emily.davis9@sample.net,840-319-2205,SiteOrg
Michael,Brown,michael.brown2@site.org,873-713-3712,WebsiteCom Ltd.
John,Doe,john.doe15@website.com,505-432-1882,ExampleCorp
Jane,Smith,jane.smith1@sample.net,906-776-3831,WebsiteCom Ltd.
Alex,Johnson,alex.johnson90@website.com,389-265-7837,DemoOrg
Emily,Davis,emily.davis24@site.org,952-478-7848,ExampleCorp
Michael,Brown,michael.brown70@demo.org,112-647-4915,ExampleCorp
John,Doe,john.doe15@website.com,267-283-7324,DemoOrg
Jane,Smith,jane.smith75@sample.net,763-587-6433,SampleNet Inc.
Alex,Johnson,alex.johnson67@sample.net,923-929-4787,ExampleCorp
Emily,Davis,emily.davis16@site.org,177-547-4272,DemoOrg
Michael,Brown,michael.brown79@demo.org,739-183-9407,SampleNet Inc.
John,Doe,john.doe14@website.com,188-949-4750,SampleNet Inc.
Jane,Smith,jane.smith15@sample.net,732-675-3976,SampleNet Inc.
Alex,Johnson,alex.johnson48@website.com,611-889-4286,SampleNet Inc.
Emily,Davis,emily.davis49@website.com,120-593-1681,DemoOrg
Michael,Brown,michael.brown12@demo.org,320-241-2985,SiteOrg
John,Doe,john.doe36@website.com,475-982-5598,SampleNet Inc.
Jane,Smith,jane.smith68@example.com,836-753-7397,SiteOrg
Alex,Johnson,alex.johnson43@demo.org,578-918-2430,SampleNet Inc.
Emily,Davis,emily.davis59@site.org,138-564-9603,DemoOrg
Michael,Brown,michael.brown98@site.org,949-879-6017,DemoOrg
John,Doe,john.doe24@demo.org,519-700-3335,SampleNet Inc.
Jane,Smith,jane.smith71@example.com,261-174-2136,WebsiteCom Ltd.
Alex,Johnson,alex.johnson5@demo.org,933-652-9364,SiteOrg
Emily,Davis,emily.davis31@website.com,583-641-8104,DemoOrg
Michael,Brown,michael.brown21@website.com,499-821-9481,DemoOrg
John,Doe,john.doe17@site.org,332-939-6467,ExampleCorp
Jane,Smith,jane.smith95@website.com,912-490-9141,ExampleCorp
Alex,Johnson,alex.johnson90@sample.net,673-583-6072,WebsiteCom Ltd.
Emily,Davis,emily.davis24@website.com,567-764-8842,SampleNet Inc.
Michael,Brown,michael.brown25@sample.net,439-169-2340,DemoOrg
John,Doe,john.doe55@site.org,872-245-7027,SampleNet Inc.
Jane,Smith,jane.smith88@sample.net,366-395-6566,SiteOrg
Alex,Johnson,alex.johnson36@example.com,776-522-8817,SampleNet Inc.
Emily,Davis,emily.davis58@demo.org,855-561-8165,SiteOrg
Michael,Brown,michael.brown95@sample.net,206-135-2731,SampleNet Inc.
John,Doe,john.doe32@sample.net,522-589-1608,ExampleCorp
Jane,Smith,jane.smith23@sample.net,586-456-4423,WebsiteCom Ltd.
Alex,Johnson,alex.johnson52@site.org,607-827-7428,SampleNet Inc.
Emily,Davis,emily.davis67@sample.net,252-976-2847,SampleNet Inc.
Michael,Brown,michael.brown32@example.com,631-291-4422,WebsiteCom Ltd.
John,Doe,john.doe36@site.org,836-639-5105,WebsiteCom Ltd.
Jane,Smith,jane.smith91@site.org,761-991-1140,SiteOrg
Alex,Johnson,alex.johnson81@sample.net,916-729-8774,WebsiteCom Ltd.
Emily,Davis,emily.davis46@website.com,700-461-2670,ExampleCorp
Michael,Brown,michael.brown76@demo.org,329-580-3007,SampleNet Inc.
John,Doe,john.doe73@site.org,398-744-5044,SampleNet Inc.
Jane,Smith,jane.smith92@site.org,940-620-8390,SampleNet Inc.
Alex,Johnson,alex.johnson39@site.org,911-441-7294,SampleNet Inc.
Emily,Davis,emily.davis60@example.com,870-692-6915,SiteOrg
Michael,Brown,michael.brown18@sample.net,596-978-3185,SampleNet Inc.
John,Doe,john.doe60@site.org,263-425-3267,WebsiteCom Ltd.
Jane,Smith,jane.smith52@website.com,480-178-4791,DemoOrg
Alex,Johnson,alex.johnson64@site.org,736-901-5787,WebsiteCom Ltd.
Emily,Davis,emily.davis32@example.com,520-656-9566,WebsiteCom Ltd.
Michael,Brown,michael.brown33@demo.org,854-752-3657,ExampleCorp
John,Doe,john.doe80@website.com,504-471-6744,SiteOrg
Jane,Smith,jane.smith94@sample.net,246-207-7487,SampleNet Inc.
Alex,Johnson,alex.johnson28@demo.org,708-741-9537,ExampleCorp
Emily,Davis,emily.davis97@site.org,680-149-4695,SiteOrg
Michael,Brown,michael.brown44@sample.net,857-748-3750,ExampleCorp
John,Doe,john.doe31@site.org,460-419-7237,ExampleCorp
Jane,Smith,jane.smith93@website.com,898-945-5954,WebsiteCom Ltd.
Alex,Johnson,alex.johnson29@site.org,287-308-2820,WebsiteCom Ltd.
Emily,Davis,emily.davis44@website.com,580-526-4349,SiteOrg
Michael,Brown,michael.brown50@sample.net,175-743-7942,SampleNet Inc.
John,Doe,john.doe12@site.org,254-377-1195,ExampleCorp
Jane,Smith,jane.smith6@sample.net,837-652-5174,SampleNet Inc.
Alex,Johnson,alex.johnson71@sample.net,689-139-5739,ExampleCorp
Emily,Davis,emily.davis9@example.com,744-829-5790,ExampleCorp
Michael,Brown,michael.brown68@demo.org,405-447-8007,WebsiteCom Ltd.
John,Doe,john.doe25@sample.net,186-530-4178,SiteOrg
Jane,Smith,jane.smith40@example.com,273-766-8278,ExampleCorp
Alex,Johnson,alex.johnson35@demo.org,478-575-9264,DemoOrg
Emily,Davis,emily.davis70@site.org,305-212-8646,ExampleCorp
Michael,Brown,michael.brown88@example.com,964-922-4908,ExampleCorp
John,Doe,john.doe14@website.com,158-407-8031,SiteOrg
Jane,Smith,jane.smith41@example.com,832-171-5915,SiteOrg
Alex,Johnson,alex.johnson38@website.com,498-410-1386,SiteOrg
Emily,Davis,emily.davis4@sample.net,162-370-6239,SiteOrg
Michael,Brown,michael.brown53@website.com,740-107-7001,ExampleCorp
John,Doe,john.doe33@website.com,443-966-6715,ExampleCorp
Jane,Smith,jane.smith81@sample.net,801-797-1194,ExampleCorp
Alex,Johnson,alex.johnson42@demo.org,838-681-8654,SampleNet Inc.
Emily,Davis,emily.davis3@sample.net,443-949-8418,WebsiteCom Ltd.
Michael,Brown,michael.brown52@site.org,333-897-8150,WebsiteCom Ltd.
John,Doe,john.doe10@site.org,221-992-1443,DemoOrg
Jane,Smith,jane.smith34@website.com,177-227-8834,ExampleCorp
Alex,Johnson,alex.johnson48@demo.org,669-475-1278,DemoOrg
Emily,Davis,emily.davis70@site.org,995-367-9493,SampleNet Inc.
Michael,Brown,michael.brown60@website.com,301-773-6818,WebsiteCom Ltd.
John,Doe,john.doe14@site.org,977-846-3727,ExampleCorp
Jane,Smith,jane.smith22@site.org,825-193-3926,DemoOrg
Alex,Johnson,alex.johnson99@website.com,269-527-6236,ExampleCorp
Emily,Davis,emily.davis1@site.org,887-329-3820,DemoOrg
Michael,Brown,michael.brown85@website.com,316-624-8943,WebsiteCom Ltd.
John,Doe,john.doe33@sample.net,400-564-1904,DemoOrg
Jane,Smith,jane.smith35@website.com,114-786-8444,SiteOrg
Alex,Johnson,alex.johnson97@sample.net,330-424-9107,DemoOrg
Emily,Davis,emily.davis82@sample.net,815-688-9415,WebsiteCom Ltd.
Michael,Brown,michael.brown62@example.com,431-594-5331,DemoOrg
John,Doe,john.doe25@website.com,945-240-5604,SampleNet Inc.
Jane,Smith,jane.smith42@demo.org,962-498-4533,ExampleCorp
Alex,Johnson,alex.johnson71@example.com,270-396-2914,DemoOrg
Emily,Davis,emily.davis33@example.com,864-798-4993,ExampleCorp
Michael,Brown,michael.brown68@demo.org,585-461-3202,SiteOrg
John,Doe,john.doe1@sample.net,385-740-8700,SiteOrg
Jane,Smith,jane.smith46@site.org,508-961-7225,SiteOrg
Alex,Johnson,alex.johnson95@site.org,496-658-9817,ExampleCorp
Emily,Davis,emily.davis74@demo.org,648-887-3238,SampleNet Inc.
Michael,Brown,michael.brown99@sample.net,918-152-4724,SiteOrg
John,Doe,john.doe50@website.com,865-258-6773,DemoOrg
Jane,Smith,jane.smith89@website.com,715-671-2904,SiteOrg
Alex,Johnson,alex.johnson97@website.com,567-591-3413,DemoOrg
Emily,Davis,emily.davis98@site.org,298-600-3031,SiteOrg
Michael,Brown,michael.brown23@website.com,489-924-4376,SampleNet Inc.
John,Doe,john.doe83@sample.net,712-351-7652,SiteOrg
Jane,Smith,jane.smith33@demo.org,816-337-4329,DemoOrg
Alex,Johnson,alex.johnson53@sample.net,832-682-3482,DemoOrg
Emily,Davis,emily.davis47@demo.org,744-642-5879,SampleNet Inc.
Michael,Brown,michael.brown88@website.com,617-693-4870,DemoOrg
John,Doe,john.doe29@site.org,457-724-1503,DemoOrg
Jane,Smith,jane.smith74@sample.net,823-175-4328,SiteOrg
Alex,Johnson,alex.johnson63@demo.org,910-366-6841,SampleNet Inc.
Emily,Davis,emily.davis53@example.com,590-929-5947,WebsiteCom Ltd.
Michael,Brown,michael.brown44@demo.org,477-658-6430,DemoOrg
John,Doe,john.doe88@demo.org,526-941-9664,SampleNet Inc.
Jane,Smith,jane.smith60@site.org,278-647-4610,SampleNet Inc.
Alex,Johnson,alex.johnson64@example.com,273-897-7970,DemoOrg
Emily,Davis,emily.davis7@example.com,721-606-7797,WebsiteCom Ltd.
Michael,Brown,michael.brown58@sample.net,766-132-2056,SiteOrg
John,Doe,john.doe25@demo.org,667-648-7810,SiteOrg
Jane,Smith,jane.smith75@example.com,869-672-2340,WebsiteCom Ltd.
Alex,Johnson,alex.johnson10@example.com,290-657-3053,SampleNet Inc.
Emily,Davis,emily.davis20@site.org,908-332-5921,WebsiteCom Ltd.
Michael,Brown,michael.brown46@example.com,462-806-3224,DemoOrg
John,Doe,john.doe59@example.com,514-458-3016,WebsiteCom Ltd.
Jane,Smith,jane.smith69@sample.net,724-754-9175,DemoOrg
Alex,Johnson,alex.johnson75@sample.net,217-928-8462,SampleNet Inc.
Emily,Davis,emily.davis42@sample.net,652-416-6184,WebsiteCom Ltd.
Michael,Brown,michael.brown47@site.org,840-103-2087,WebsiteCom Ltd.
John,Doe,john.doe61@website.com,683-329-3942,SiteOrg
Jane,Smith,jane.smith25@demo.org,367-434-3733,SampleNet Inc.
Alex,Johnson,alex.johnson81@sample.net,212-528-8318,SiteOrg
Emily,Davis,emily.davis83@website.com,103-601-1391,SampleNet Inc.
Michael,Brown,michael.brown25@example.com,909-385-3463,ExampleCorp
John,Doe,john.doe2@example.com,159-379-3915,SampleNet Inc.
Jane,Smith,jane.smith81@site.org,746-654-3638,SiteOrg
Alex,Johnson,alex.johnson66@website.com,689-611-5126,ExampleCorp
Emily,Davis,emily.davis4@site.org,985-915-6813,ExampleCorp
Michael,Brown,michael.brown35@website.com,986-698-1548,WebsiteCom Ltd.
John,Doe,john.doe90@example.com,147-211-2222,SampleNet Inc.
Jane,Smith,jane.smith74@sample.net,682-515-2735,ExampleCorp
Alex,Johnson,alex.johnson27@example.com,866-104-8070,WebsiteCom Ltd.
Emily,Davis,emily.davis40@website.com,841-180-1031,WebsiteCom Ltd.
Michael,Brown,michael.brown5@sample.net,966-631-2565,SampleNet Inc.
John,Doe,john.doe50@website.com,117-560-7774,SiteOrg
Jane,Smith,jane.smith61@example.com,814-313-5056,DemoOrg
Alex,Johnson,alex.johnson54@sample.net,690-685-7927,DemoOrg
Emily,Davis,emily.davis68@demo.org,555-217-1344,SampleNet Inc.
Michael,Brown,michael.brown89@demo.org,436-807-2312,SampleNet Inc.
John,Doe,john.doe43@website.com,933-937-7718,ExampleCorp
Jane,Smith,jane.smith46@website.com,641-138-4776,WebsiteCom Ltd.
Alex,Johnson,alex.johnson64@website.com,458-351-5834,ExampleCorp
Emily,Davis,emily.davis66@demo.org,880-262-9708,DemoOrg
Michael,Brown,michael.brown14@demo.org,789-485-4231,SampleNet Inc.
John,Doe,john.doe56@site.org,356-641-7105,ExampleCorp
Jane,Smith,jane.smith21@website.com,387-719-5429,SampleNet Inc.
Alex,Johnson,alex.johnson2@website.com,943-417-6299,WebsiteCom Ltd.
Emily,Davis,emily.davis18@example.com,839-604-8400,DemoOrg
Michael,Brown,michael.brown48@example.com,311-955-5130,DemoOrg
John,Doe,john.doe21@site.org,529-639-8303,SampleNet Inc.
Jane,Smith,jane.smith34@example.com,978-209-9887,DemoOrg
Alex,Johnson,alex.johnson8@demo.org,480-395-5025,SiteOrg
Emily,Davis,emily.davis62@example.com,116-537-9687,WebsiteCom Ltd.
Michael,Brown,michael.brown38@sample.net,444-264-3643,DemoOrg
John,Doe,john.doe83@site.org,972-722-3900,ExampleCorp
Jane,Smith,jane.smith51@sample.net,593-782-8039,SiteOrg
Alex,Johnson,alex.johnson82@sample.net,988-979-3047,SampleNet Inc.
Emily,Davis,emily.davis65@example.com,311-544-7452,WebsiteCom Ltd.
Michael,Brown,michael.brown39@demo.org,212-789-6683,WebsiteCom Ltd.
John,Doe,john.doe60@sample.net,562-278-4575,WebsiteCom Ltd.
Jane,Smith,jane.smith81@website.com,997-429-3907,ExampleCorp
Alex,Johnson,alex.johnson41@example.com,581-500-7537,SampleNet Inc.
Emily,Davis,emily.davis29@sample.net,782-778-6755,SiteOrg
Michael,Brown,michael.brown79@demo.org,127-948-4858,SampleNet Inc.
John,Doe,john.doe74@example.com,110-863-4942,ExampleCorp
Jane,Smith,jane.smith54@example.com,413-252-6090,WebsiteCom Ltd.
Alex,Johnson,alex.johnson95@site.org,326-938-6056,WebsiteCom Ltd.
Emily,Davis,emily.davis27@website.com,381-851-2786,ExampleCorp
Michael,Brown,michael.brown28@sample.net,198-535-5959,DemoOrg
John,Doe,john.doe40@website.com,477-345-3829,WebsiteCom Ltd.
Jane,Smith,jane.smith86@demo.org,700-256-2909,ExampleCorp
Alex,Johnson,alex.johnson78@sample.net,756-756-5727,WebsiteCom Ltd.
Emily,Davis,emily.davis59@demo.org,139-938-1040,SiteOrg
Michael,Brown,michael.brown66@demo.org,746-187-5864,ExampleCorp
John,Doe,john.doe62@site.org,833-926-3778,WebsiteCom Ltd.
Jane,Smith,jane.smith22@site.org,131-917-6760,SiteOrg
Alex,Johnson,alex.johnson42@demo.org,250-164-4015,SampleNet Inc.
Emily,Davis,emily.davis20@website.com,655-627-4284,SampleNet Inc.
Michael,Brown,michael.brown29@sample.net,600-711-7084,WebsiteCom Ltd.
John,Doe,john.doe50@sample.net,970-905-7815,SampleNet Inc.
Jane,Smith,jane.smith61@website.com,776-418-1604,SiteOrg
Alex,Johnson,alex.johnson90@example.com,828-693-8743,DemoOrg
Emily,Davis,emily.davis79@website.com,506-573-3676,SiteOrg
Michael,Brown,michael.brown68@example.com,599-358-2317,SampleNet Inc.
John,Doe,john.doe26@demo.org,369-185-8431,DemoOrg
Jane,Smith,jane.smith13@website.com,439-552-7502,SampleNet Inc.
Alex,Johnson,alex.johnson81@site.org,386-366-6921,SiteOrg
Emily,Davis,emily.davis2@demo.org,991-478-3793,DemoOrg
Michael,Brown,michael.brown39@site.org,739-821-9399,SampleNet Inc.
John,Doe,john.doe93@sample.net,803-590-3561,ExampleCorp
Jane,Smith,jane.smith28@demo.org,898-901-1443,WebsiteCom Ltd.
Alex,Johnson,alex.johnson74@sample.net,650-628-7409,SiteOrg
Emily,Davis,emily.davis80@site.org,224-522-1166,SampleNet Inc.
Michael,Brown,michael.brown40@sample.net,388-473-5436,SampleNet Inc.
John,Doe,john.doe93@website.com,242-401-3982,SiteOrg
Jane,Smith,jane.smith25@website.com,183-168-3020,DemoOrg
Alex,Johnson,alex.johnson36@demo.org,528-925-5631,SampleNet Inc.
Emily,Davis,emily.davis43@example.com,440-541-9420,DemoOrg
Michael,Brown,michael.brown50@website.com,286-462-3056,SiteOrg
John,Doe,john.doe44@example.com,730-285-4908,WebsiteCom Ltd.
Jane,Smith,jane.smith61@demo.org,605-675-6579,ExampleCorp
Alex,Johnson,alex.johnson76@site.org,689-768-6655,WebsiteCom Ltd.
Emily,Davis,emily.davis50@site.org,311-137-8398,ExampleCorp
Michael,Brown,michael.brown88@demo.org,391-280-5162,ExampleCorp
John,Doe,john.doe8@sample.net,986-621-1912,ExampleCorp
Jane,Smith,jane.smith6@website.com,542-760-1612,DemoOrg
Alex,Johnson,alex.johnson30@demo.org,105-838-1067,SiteOrg
Emily,Davis,emily.davis7@website.com,929-100-1926,SampleNet Inc.
Michael,Brown,michael.brown91@example.com,784-921-8284,ExampleCorp
John,Doe,john.doe33@example.com,337-526-5092,ExampleCorp
Jane,Smith,jane.smith73@example.com,566-552-7904,ExampleCorp
Alex,Johnson,alex.johnson97@example.com,738-393-2899,WebsiteCom Ltd.
Emily,Davis,emily.davis60@site.org,780-854-7010,SampleNet Inc.
Michael,Brown,michael.brown8@site.org,908-383-1736,WebsiteCom Ltd.
John,Doe,john.doe21@demo.org,626-423-7851,WebsiteCom Ltd.
Jane,Smith,jane.smith15@site.org,832-178-4753,SampleNet Inc.
Alex,Johnson,alex.johnson65@sample.net,780-302-5817,ExampleCorp
Emily,Davis,emily.davis22@website.com,248-808-4921,ExampleCorp
Michael,Brown,michael.brown76@demo.org,779-621-1972,SampleNet Inc.
John,Doe,john.doe76@site.org,730-653-5853,WebsiteCom Ltd.
Jane,Smith,jane.smith34@site.org,637-899-5432,SiteOrg
Alex,Johnson,alex.johnson27@sample.net,684-111-2141,WebsiteCom Ltd.
Emily,Davis,emily.davis70@site.org,988-998-9358,SampleNet Inc.
Michael,Brown,michael.brown5@sample.net,433-348-8435,SiteOrg
John,Doe,john.doe28@example.com,728-396-3373,SiteOrg
Jane,Smith,jane.smith33@site.org,329-822-3489,SiteOrg
Alex,Johnson,alex.johnson98@example.com,350-438-7391,WebsiteCom Ltd.
Emily,Davis,emily.davis10@sample.net,347-826-4469,SiteOrg
Michael,Brown,michael.brown56@website.com,138-371-1879,WebsiteCom Ltd.
John,Doe,john.doe7@example.com,977-857-4002,WebsiteCom Ltd.
Jane,Smith,jane.smith92@website.com,346-379-5786,SiteOrg
Alex,Johnson,alex.johnson72@demo.org,896-383-9232,ExampleCorp
Emily,Davis,emily.davis1@website.com,855-149-9679,WebsiteCom Ltd.
Michael,Brown,michael.brown32@website.com,822-539-4536,SiteOrg
John,Doe,john.doe36@site.org,927-159-9313,DemoOrg
Jane,Smith,jane.smith92@example.com,758-473-3980,WebsiteCom Ltd.
Alex,Johnson,alex.johnson2@website.com,217-543-1715,WebsiteCom Ltd.
Emily,Davis,emily.davis58@demo.org,533-267-3471,SiteOrg
Michael,Brown,michael.brown58@website.com,324-621-1403,DemoOrg
John,Doe,john.doe32@demo.org,918-269-9712,SiteOrg
Jane,Smith,jane.smith96@demo.org,760-166-4504,SiteOrg
Alex,Johnson,alex.johnson64@example.com,681-918-5428,SampleNet Inc.
Emily,Davis,emily.davis95@sample.net,869-912-2582,ExampleCorp
Michael,Brown,michael.brown57@demo.org,468-563-6131,WebsiteCom Ltd.
John,Doe,john.doe76@demo.org,406-887-5445,WebsiteCom Ltd.
Jane,Smith,jane.smith50@demo.org,157-165-9986,WebsiteCom Ltd.
Alex,Johnson,alex.johnson47@example.com,850-682-3823,SampleNet Inc.
Emily,Davis,emily.davis31@demo.org,837-766-1341,ExampleCorp
Michael,Brown,michael.brown8@example.com,592-647-7118,SampleNet Inc.
John,Doe,john.doe87@example.com,247-406-9465,DemoOrg
Jane,Smith,jane.smith37@site.org,668-475-5650,DemoOrg
Alex,Johnson,alex.johnson21@sample.net,628-720-4800,ExampleCorp
Emily,Davis,emily.davis82@example.com,655-662-7089,WebsiteCom Ltd.
Michael,Brown,michael.brown89@site.org,490-442-6182,ExampleCorp
John,Doe,john.doe74@website.com,552-377-4447,WebsiteCom Ltd.
Jane,Smith,jane.smith7@sample.net,629-100-5886,SiteOrg
Alex,Johnson,alex.johnson64@demo.org,969-730-4362,DemoOrg
Emily,Davis,emily.davis80@website.com,822-597-6671,ExampleCorp
Michael,Brown,michael.brown72@website.com,752-630-4489,SampleNet Inc.
John,Doe,john.doe74@website.com,783-733-7431,DemoOrg
Jane,Smith,jane.smith65@site.org,587-766-8061,SampleNet Inc.
Alex,Johnson,alex.johnson77@sample.net,300-976-7140,ExampleCorp
Emily,Davis,emily.davis58@website.com,697-944-6968,SampleNet Inc.
Michael,Brown,michael.brown29@website.com,421-926-9502,DemoOrg
John,Doe,john.doe60@website.com,891-738-6100,ExampleCorp
Jane,Smith,jane.smith22@site.org,930-212-6644,SampleNet Inc.
Alex,Johnson,alex.johnson83@site.org,106-812-6426,SiteOrg
Emily,Davis,emily.davis4@demo.org,759-930-9523,SiteOrg
Michael,Brown,michael.brown80@site.org,376-730-9405,SampleNet Inc.
John,Doe,john.doe35@demo.org,702-986-4716,WebsiteCom Ltd.
Jane,Smith,jane.smith20@website.com,599-500-5328,DemoOrg
Alex,Johnson,alex.johnson45@sample.net,658-662-5309,WebsiteCom Ltd.
Emily,Davis,emily.davis72@website.com,293-941-3510,WebsiteCom Ltd.
Michael,Brown,michael.brown26@site.org,413-261-6474,SampleNet Inc.
John,Doe,john.doe96@sample.net,527-824-1942,DemoOrg
Jane,Smith,jane.smith37@website.com,818-217-7355,SiteOrg
Alex,Johnson,alex.johnson21@sample.net,984-852-7313,SiteOrg
Emily,Davis,emily.davis54@site.org,992-248-4141,SampleNet Inc.
Michael,Brown,michael.brown92@site.org,859-818-4700,SampleNet Inc.
John,Doe,john.doe33@demo.org,837-792-2643,SiteOrg
Jane,Smith,jane.smith40@site.org,427-102-5883,DemoOrg
Alex,Johnson,alex.johnson92@site.org,708-218-3924,SiteOrg
Emily,Davis,emily.davis33@example.com,337-178-2057,DemoOrg
Michael,Brown,michael.brown58@site.org,235-655-5485,ExampleCorp
John,Doe,john.doe65@example.com,235-911-6093,ExampleCorp
Jane,Smith,jane.smith24@sample.net,988-344-6010,SiteOrg
Alex,Johnson,alex.johnson96@site.org,274-501-9948,WebsiteCom Ltd.
Emily,Davis,emily.davis92@sample.net,432-425-4846,ExampleCorp
Michael,Brown,michael.brown34@demo.org,602-196-2440,DemoOrg
John,Doe,john.doe49@demo.org,490-618-8196,SiteOrg
Jane,Smith,jane.smith68@sample.net,742-265-7715,SampleNet Inc.
Alex,Johnson,alex.johnson46@sample.net,680-757-7842,DemoOrg
Emily,Davis,emily.davis56@demo.org,796-626-1378,SampleNet Inc.
Michael,Brown,michael.brown23@site.org,174-578-8527,SampleNet Inc.
John,Doe,john.doe73@demo.org,495-169-6361,SampleNet Inc.
Jane,Smith,jane.smith19@demo.org,224-768-6420,DemoOrg
Alex,Johnson,alex.johnson96@sample.net,113-857-3579,DemoOrg
Emily,Davis,emily.davis89@site.org,257-107-9367,ExampleCorp
Michael,Brown,michael.brown31@site.org,311-576-4572,DemoOrg
John,Doe,john.doe73@example.com,512-853-5869,SampleNet Inc.
Jane,Smith,jane.smith56@demo.org,539-503-5173,SampleNet Inc.
Alex,Johnson,alex.johnson4@example.com,504-923-7724,SiteOrg
Emily,Davis,emily.davis41@example.com,168-263-9854,SampleNet Inc.
Michael,Brown,michael.brown26@sample.net,601-293-4218,DemoOrg
John,Doe,john.doe44@example.com,498-555-7222,SiteOrg
Jane,Smith,jane.smith7@demo.org,337-975-7603,WebsiteCom Ltd.
Alex,Johnson,alex.johnson53@example.com,778-932-7568,SampleNet Inc.
Emily,Davis,emily.davis94@site.org,811-266-1862,SampleNet Inc.
Michael,Brown,michael.brown73@example.com,312-373-1614,ExampleCorp
John,Doe,john.doe53@site.org,982-804-3560,SiteOrg
Jane,Smith,jane.smith6@site.org,361-921-1388,ExampleCorp
Alex,Johnson,alex.johnson17@site.org,715-117-5705,SampleNet Inc.
Emily,Davis,emily.davis13@sample.net,317-104-6961,SiteOrg
Michael,Brown,michael.brown4@sample.net,909-843-4907,SampleNet Inc.
John,Doe,john.doe78@demo.org,592-144-6292,SampleNet Inc.
Jane,Smith,jane.smith37@site.org,288-185-1216,DemoOrg
Alex,Johnson,alex.johnson47@demo.org,709-457-8952,SampleNet Inc.
Emily,Davis,emily.davis85@site.org,712-848-4868,SampleNet Inc.
Michael,Brown,michael.brown58@site.org,895-522-6097,SampleNet Inc.
John,Doe,john.doe94@site.org,594-340-9621,SiteOrg
Jane,Smith,jane.smith20@website.com,650-258-8256,WebsiteCom Ltd.
Alex,Johnson,alex.johnson41@site.org,460-924-7606,SampleNet Inc.
Emily,Davis,emily.davis88@demo.org,772-719-2567,ExampleCorp
Michael,Brown,michael.brown53@example.com,623-262-5491,DemoOrg
John,Doe,john.doe13@sample.net,323-640-4452,WebsiteCom Ltd.
Jane,Smith,jane.smith84@site.org,498-489-8084,SiteOrg
Alex,Johnson,alex.johnson47@sample.net,669-970-7187,DemoOrg
Emily,Davis,emily.davis16@example.com,652-687-4476,ExampleCorp
Michael,Brown,michael.brown93@site.org,601-759-8691,WebsiteCom Ltd.
John,Doe,john.doe60@demo.org,965-614-8643,ExampleCorp
Jane,Smith,jane.smith90@example.com,846-811-3434,SampleNet Inc.
Alex,Johnson,alex.johnson1@example.com,591-817-3544,ExampleCorp
Emily,Davis,emily.davis38@demo.org,658-580-9438,ExampleCorp
Michael,Brown,michael.brown37@demo.org,896-792-8187,ExampleCorp
John,Doe,john.doe78@sample.net,324-326-9380,ExampleCorp
Jane,Smith,jane.smith44@website.com,640-204-6842,ExampleCorp
Alex,Johnson,alex.johnson88@sample.net,808-705-8743,SampleNet Inc.
Emily,Davis,emily.davis60@example.com,976-360-7952,WebsiteCom Ltd.
Michael,Brown,michael.brown28@website.com,706-561-8661,SiteOrg
John,Doe,john.doe11@demo.org,325-613-2996,SampleNet Inc.
Jane,Smith,jane.smith7@example.com,651-602-4664,ExampleCorp
Alex,Johnson,alex.johnson7@site.org,172-790-6227,DemoOrg
Emily,Davis,emily.davis81@site.org,877-201-2042,SampleNet Inc.
Michael,Brown,michael.brown35@example.com,884-399-7104,WebsiteCom Ltd.
John,Doe,john.doe63@example.com,475-559-7337,DemoOrg
Jane,Smith,jane.smith16@website.com,954-806-9675,WebsiteCom Ltd.
Alex,Johnson,alex.johnson43@site.org,429-405-8977,SiteOrg
Emily,Davis,emily.davis25@example.com,259-751-8258,SampleNet Inc.
Michael,Brown,michael.brown85@sample.net,494-291-6059,ExampleCorp
John,Doe,john.doe64@website.com,104-210-6784,SiteOrg
Jane,Smith,jane.smith27@site.org,485-738-8633,SiteOrg
Alex,Johnson,alex.johnson82@site.org,513-783-2714,SampleNet Inc.
Emily,Davis,emily.davis6@sample.net,714-258-3512,SiteOrg
Michael,Brown,michael.brown73@demo.org,957-673-7838,DemoOrg
John,Doe,john.doe40@website.com,674-207-3409,ExampleCorp
Jane,Smith,jane.smith96@sample.net,372-345-9574,SiteOrg
Alex,Johnson,alex.johnson65@website.com,974-341-5327,SampleNet Inc.
Emily,Davis,emily.davis13@website.com,514-327-2480,ExampleCorp
Michael,Brown,michael.brown16@demo.org,556-814-3423,DemoOrg
John,Doe,john.doe90@sample.net,184-627-9122,WebsiteCom Ltd.
Jane,Smith,jane.smith42@website.com,371-603-7987,SampleNet Inc.
Alex,Johnson,alex.johnson42@example.com,301-758-3149,SampleNet Inc.
Emily,Davis,emily.davis27@site.org,450-624-4604,ExampleCorp
Michael,Brown,michael.brown18@demo.org,984-574-3486,SampleNet Inc.
John,Doe,john.doe87@demo.org,782-627-1005,ExampleCorp
Jane,Smith,jane.smith21@demo.org,693-868-9700,ExampleCorp
Alex,Johnson,alex.johnson39@example.com,472-237-6173,DemoOrg
Emily,Davis,emily.davis98@site.org,207-837-1954,SiteOrg
Michael,Brown,michael.brown6@site.org,243-826-6458,ExampleCorp
John,Doe,john.doe70@site.org,369-491-9489,SampleNet Inc.
Jane,Smith,jane.smith28@demo.org,530-477-9629,SampleNet Inc.
Alex,Johnson,alex.johnson17@sample.net,545-251-3037,ExampleCorp
Emily,Davis,emily.davis59@sample.net,672-558-7908,DemoOrg
Michael,Brown,michael.brown31@website.com,667-172-4032,DemoOrg
John,Doe,john.doe64@site.org,549-601-6290,WebsiteCom Ltd.
Jane,Smith,jane.smith64@demo.org,227-555-6610,ExampleCorp
Alex,Johnson,alex.johnson27@sample.net,237-323-9162,ExampleCorp
Emily,Davis,emily.davis19@example.com,650-236-3847,SampleNet Inc.
Michael,Brown,michael.brown53@website.com,853-611-3103,SiteOrg
John,Doe,john.doe77@site.org,416-241-3491,DemoOrg
Jane,Smith,jane.smith97@example.com,937-510-5492,WebsiteCom Ltd.
Alex,Johnson,alex.johnson77@website.com,148-395-1071,ExampleCorp
Emily,Davis,emily.davis50@demo.org,347-596-4291,WebsiteCom Ltd.
Michael,Brown,michael.brown84@website.com,844-175-6631,DemoOrg
John,Doe,john.doe13@sample.net,154-394-4733,SiteOrg
Jane,Smith,jane.smith68@demo.org,207-208-6971,WebsiteCom Ltd.
Alex,Johnson,alex.johnson56@site.org,284-339-8437,ExampleCorp
Emily,Davis,emily.davis61@example.com,972-275-5500,WebsiteCom Ltd.
Michael,Brown,michael.brown90@demo.org,816-601-2817,WebsiteCom Ltd.
John,Doe,john.doe83@example.com,455-793-9932,SampleNet Inc.
Jane,Smith,jane.smith31@site.org,917-800-3204,ExampleCorp
Alex,Johnson,alex.johnson39@sample.net,285-856-8293,ExampleCorp
Emily,Davis,emily.davis34@example.com,607-667-4245,ExampleCorp
Michael,Brown,michael.brown95@sample.net,601-915-9998,ExampleCorp
John,Doe,john.doe99@example.com,239-426-1496,ExampleCorp
Jane,Smith,jane.smith48@example.com,803-423-4704,WebsiteCom Ltd.
Alex,Johnson,alex.johnson2@sample.net,551-702-3043,DemoOrg
Emily,Davis,emily.davis56@site.org,377-932-4835,SampleNet Inc.
Michael,Brown,michael.brown48@website.com,333-172-7881,WebsiteCom Ltd.
John,Doe,john.doe89@example.com,341-158-1823,DemoOrg
Jane,Smith,jane.smith26@site.org,614-399-4442,WebsiteCom Ltd.
Alex,Johnson,alex.johnson73@website.com,163-359-9268,WebsiteCom Ltd.
Emily,Davis,emily.davis62@website.com,562-192-7878,SiteOrg
Michael,Brown,michael.brown39@website.com,762-377-4407,SiteOrg
John,Doe,john.doe9@sample.net,434-403-8310,DemoOrg
Jane,Smith,jane.smith34@site.org,694-306-6235,WebsiteCom Ltd.
Alex,Johnson,alex.johnson19@sample.net,764-984-6572,ExampleCorp
Emily,Davis,emily.davis98@website.com,994-665-4031,WebsiteCom Ltd.
Michael,Brown,michael.brown85@demo.org,182-837-1109,ExampleCorp
John,Doe,john.doe32@site.org,778-585-3452,SiteOrg
Jane,Smith,jane.smith49@website.com,316-346-9946,DemoOrg
Alex,Johnson,alex.johnson35@website.com,565-608-6219,ExampleCorp
Emily,Davis,emily.davis7@sample.net,484-190-3956,SiteOrg
Michael,Brown,michael.brown31@site.org,330-281-3565,SiteOrg
John,Doe,john.doe58@example.com,475-433-8758,WebsiteCom Ltd.
Jane,Smith,jane.smith69@site.org,668-439-3398,ExampleCorp
Alex,Johnson,alex.johnson15@example.com,766-724-6637,WebsiteCom Ltd.
Emily,Davis,emily.davis55@example.com,463-229-8763,SiteOrg
Michael,Brown,michael.brown66@website.com,491-459-1868,SampleNet Inc.
John,Doe,john.doe37@sample.net,540-637-7062,SampleNet Inc.
Jane,Smith,jane.smith73@demo.org,872-167-7418,SampleNet Inc.
Alex,Johnson,alex.johnson55@demo.org,957-182-1789,ExampleCorp
Emily,Davis,emily.davis51@example.com,993-663-4565,SiteOrg
Michael,Brown,michael.brown97@demo.org,143-255-9610,SampleNet Inc.
John,Doe,john.doe60@site.org,158-196-4554,ExampleCorp
Jane,Smith,jane.smith44@website.com,340-842-8004,WebsiteCom Ltd.
Alex,Johnson,alex.johnson84@demo.org,838-749-9086,ExampleCorp
Emily,Davis,emily.davis92@example.com,270-300-4439,ExampleCorp
Michael,Brown,michael.brown16@website.com,526-436-2435,ExampleCorp
John,Doe,john.doe14@demo.org,467-299-5034,SiteOrg
Jane,Smith,jane.smith21@website.com,354-682-1060,SampleNet Inc.
Alex,Johnson,alex.johnson75@sample.net,848-913-2368,SiteOrg
Emily,Davis,emily.davis11@example.com,444-441-6131,DemoOrg
Michael,Brown,michael.brown3@demo.org,445-193-5554,DemoOrg
John,Doe,john.doe29@demo.org,350-474-2674,ExampleCorp
Jane,Smith,jane.smith29@website.com,503-117-5186,WebsiteCom Ltd.
Alex,Johnson,alex.johnson47@sample.net,193-335-2411,WebsiteCom Ltd.
Emily,Davis,emily.davis60@example.com,497-838-7521,WebsiteCom Ltd.
Michael,Brown,michael.brown75@website.com,953-168-7454,SampleNet Inc.
John,Doe,john.doe86@site.org,205-505-2087,WebsiteCom Ltd.
Jane,Smith,jane.smith92@example.com,312-468-1829,DemoOrg
Alex,Johnson,alex.johnson15@site.org,992-435-7080,SampleNet Inc.
Emily,Davis,emily.davis78@example.com,978-314-9160,ExampleCorp
Michael,Brown,michael.brown27@sample.net,445-423-4687,WebsiteCom Ltd.
John,Doe,john.doe74@demo.org,333-349-5657,SampleNet Inc.
Jane,Smith,jane.smith18@example.com,512-521-1770,DemoOrg
Alex,Johnson,alex.johnson10@sample.net,853-253-4725,DemoOrg
Emily,Davis,emily.davis85@website.com,706-288-8986,DemoOrg
Michael,Brown,michael.brown55@demo.org,181-322-5328,SiteOrg
John,Doe,john.doe86@site.org,626-679-2479,WebsiteCom Ltd.
Jane,Smith,jane.smith3@sample.net,476-845-3706,SiteOrg
Alex,Johnson,alex.johnson95@website.com,152-867-1324,SampleNet Inc.
Emily,Davis,emily.davis5@site.org,690-926-5547,ExampleCorp
Michael,Brown,michael.brown11@example.com,446-402-6965,SampleNet Inc.
John,Doe,john.doe62@example.com,972-572-9555,ExampleCorp
Jane,Smith,jane.smith18@site.org,152-260-4544,ExampleCorp
Alex,Johnson,alex.johnson93@website.com,185-747-2222,SampleNet Inc.
Emily,Davis,emily.davis19@website.com,448-485-4950,DemoOrg
Michael,Brown,michael.brown46@website.com,794-986-9002,SiteOrg
John,Doe,john.doe88@example.com,391-792-2670,SiteOrg
Jane,Smith,jane.smith3@sample.net,549-317-8592,WebsiteCom Ltd.
Alex,Johnson,alex.johnson69@website.com,975-729-4694,SiteOrg
Emily,Davis,emily.davis22@site.org,345-832-9760,WebsiteCom Ltd.
Michael,Brown,michael.brown13@website.com,966-123-8733,ExampleCorp
John,Doe,john.doe76@example.com,647-730-8276,WebsiteCom Ltd.
Jane,Smith,jane.smith24@demo.org,469-909-9500,SampleNet Inc.
Alex,Johnson,alex.johnson46@sample.net,845-448-1375,WebsiteCom Ltd.
Emily,Davis,emily.davis92@demo.org,957-310-3060,ExampleCorp
Michael,Brown,michael.brown62@demo.org,364-559-2039,ExampleCorp
John,Doe,john.doe85@website.com,548-107-8031,WebsiteCom Ltd.
Jane,Smith,jane.smith13@website.com,258-694-2051,ExampleCorp
Alex,Johnson,alex.johnson56@site.org,232-328-4349,WebsiteCom Ltd.
Emily,Davis,emily.davis49@example.com,747-175-9157,WebsiteCom Ltd.
Michael,Brown,michael.brown14@website.com,187-196-3913,ExampleCorp
John,Doe,john.doe35@site.org,696-961-2617,DemoOrg
Jane,Smith,jane.smith24@example.com,107-957-4154,DemoOrg
Alex,Johnson,alex.johnson33@demo.org,249-489-4842,SiteOrg
Emily,Davis,emily.davis83@website.com,356-500-9815,WebsiteCom Ltd.
Michael,Brown,michael.brown27@example.com,502-391-6594,ExampleCorp
John,Doe,john.doe58@website.com,876-571-5395,ExampleCorp
Jane,Smith,jane.smith26@sample.net,707-264-9065,DemoOrg
Alex,Johnson,alex.johnson95@example.com,873-651-7026,SampleNet Inc.
Emily,Davis,emily.davis21@site.org,760-214-9833,WebsiteCom Ltd.
Michael,Brown,michael.brown18@website.com,852-371-7551,SampleNet Inc.
John,Doe,john.doe49@site.org,391-827-2152,ExampleCorp
Jane,Smith,jane.smith60@site.org,458-954-9433,WebsiteCom Ltd.
Alex,Johnson,alex.johnson9@site.org,329-909-8392,WebsiteCom Ltd.
Emily,Davis,emily.davis15@website.com,124-651-4684,DemoOrg
Michael,Brown,michael.brown7@example.com,750-381-5325,DemoOrg
John,Doe,john.doe87@demo.org,944-389-7131,SiteOrg
Jane,Smith,jane.smith34@sample.net,995-266-6730,DemoOrg
Alex,Johnson,alex.johnson97@website.com,476-554-4392,SampleNet Inc.
Emily,Davis,emily.davis27@sample.net,190-550-8687,DemoOrg
Michael,Brown,michael.brown22@example.com,179-719-1469,DemoOrg
John,Doe,john.doe77@demo.org,642-115-7146,SiteOrg
Jane,Smith,jane.smith41@example.com,685-365-2332,SampleNet Inc.
Alex,Johnson,alex.johnson75@example.com,790-689-1916,SiteOrg
Emily,Davis,emily.davis12@example.com,352-979-6545,ExampleCorp
Michael,Brown,michael.brown46@sample.net,137-553-4936,SampleNet Inc.
John,Doe,john.doe54@site.org,127-794-8583,WebsiteCom Ltd.
Jane,Smith,jane.smith8@demo.org,341-620-7077,SiteOrg
Alex,Johnson,alex.johnson52@website.com,801-747-7058,SampleNet Inc.
Emily,Davis,emily.davis2@demo.org,224-180-5541,WebsiteCom Ltd.
Michael,Brown,michael.brown88@sample.net,334-467-5585,WebsiteCom Ltd.
